0,78,A1Kcf8Z1u3
0,96,Rjuqf7P3nX
0,88,ECk9NPOnC1
0,83,0nYGfSzH52
0,87,8BdlWK9mvn
0,73,hEp6l3yRkB
0,46,vrSPzDaBog
0,52,yVEE6glmyP
0,74,4D8d5NFQey
0,55,tmil3gYi8I
0,94,stB2damzF1
0,73,Q5zYQSo07T
1,67,A1Kcf8Z1u3
1,71,Rjuqf7P3nX
1,60,ECk9NPOnC1
1,100,0nYGfSzH52
1,56,8BdlWK9mvn
1,88,hEp6l3yRkB
1,51,vrSPzDaBog
1,88,yVEE6glmyP
1,96,4D8d5NFQey
1,56,tmil3gYi8I
1,47,stB2damzF1
1,82,Q5zYQSo07T
2,70,A1Kcf8Z1u3
2,94,Rjuqf7P3nX
2,97,ECk9NPOnC1
2,27,0nYGfSzH52
2,63,8BdlWK9mvn
2,73,hEp6l3yRkB
2,64,vrSPzDaBog
2,90,yVEE6glmyP
2,69,4D8d5NFQey
2,92,tmil3gYi8I
2,70,stB2damzF1
2,40,Q5zYQSo07T
3,83,A1Kcf8Z1u3
3,67,Rjuqf7P3nX
3,94,ECk9NPOnC1
3,33,0nYGfSzH52
3,56,8BdlWK9mvn
3,68,hEp6l3yRkB
3,47,vrSPzDaBog
3,67,yVEE6glmyP
3,94,4D8d5NFQey
3,54,tmil3gYi8I
3,50,stB2damzF1
3,77,Q5zYQSo07T
4,47,A1Kcf8Z1u3
4,24,Rjuqf7P3nX
4,43,ECk9NPOnC1
4,20,0nYGfSzH52
4,55,8BdlWK9mvn
4,57,hEp6l3yRkB
4,57,vrSPzDaBog
4,20,yVEE6glmyP
4,31,4D8d5NFQey
4,41,tmil3gYi8I
4,41,stB2damzF1
4,30,Q5zYQSo07T
5,93,A1Kcf8Z1u3
5,73,Rjuqf7P3nX
5,86,ECk9NPOnC1
5,80,0nYGfSzH52
5,46,8BdlWK9mvn
5,83,hEp6l3yRkB
5,56,vrSPzDaBog
5,29,yVEE6glmyP
5,92,4D8d5NFQey
5,22,tmil3gYi8I
5,22,stB2damzF1
5,62,Q5zYQSo07T
6,30,A1Kcf8Z1u3
6,28,Rjuqf7P3nX
6,53,ECk9NPOnC1
6,56,0nYGfSzH52
6,57,8BdlWK9mvn
6,23,hEp6l3yRkB
6,33,vrSPzDaBog
6,28,yVEE6glmyP
6,41,4D8d5NFQey
6,41,tmil3gYi8I
6,56,stB2damzF1
6,47,Q5zYQSo07T
7,106,A1Kcf8Z1u3
7,126,Rjuqf7P3nX
7,103,ECk9NPOnC1
7,34,0nYGfSzH52
7,103,8BdlWK9mvn
7,135,hEp6l3yRkB
7,107,vrSPzDaBog
7,45,yVEE6glmyP
7,149,4D8d5NFQey
7,120,tmil3gYi8I
7,124,stB2damzF1
7,91,Q5zYQSo07T
8,9,A1Kcf8Z1u3
8,8,Rjuqf7P3nX
8,0,ECk9NPOnC1
8,3,0nYGfSzH52
8,9,8BdlWK9mvn
8,8,hEp6l3yRkB
8,8,vrSPzDaBog
8,1,yVEE6glmyP
8,3,4D8d5NFQey
8,3,tmil3gYi8I
8,7,stB2damzF1
8,3,Q5zYQSo07T
9,80,A1Kcf8Z1u3
9,90,Rjuqf7P3nX
9,64,ECk9NPOnC1
9,99,0nYGfSzH52
9,47,8BdlWK9mvn
9,24,hEp6l3yRkB
9,41,vrSPzDaBog
9,82,yVEE6glmyP
9,67,4D8d5NFQey
9,58,tmil3gYi8I
9,28,stB2damzF1
9,70,Q5zYQSo07T
10,95,WJrWAidLZ5
10,88,l8fb19WIds
10,69,DlK1RDF6DZ
10,80,s8jX7v1r9L
10,78,qSaWq5Khmt
10,98,JEdJCRTwMu
10,78,LbOIaCTwOR
10,81,F8SGo1rfbJ
10,90,aDQQtN7BnB
10,68,w4xX1lvTG7
10,58,ixYZCGpl5D
10,63,iep724zbM3
10,71,rRMSF0EH7d
10,89,EWUS9AaKts
11,72,WJrWAidLZ5
11,70,l8fb19WIds
11,61,DlK1RDF6DZ
11,46,s8jX7v1r9L
11,90,qSaWq5Khmt
11,52,JEdJCRTwMu
11,69,LbOIaCTwOR
11,91,F8SGo1rfbJ
11,78,aDQQtN7BnB
11,45,w4xX1lvTG7
11,45,ixYZCGpl5D
11,61,iep724zbM3
11,75,rRMSF0EH7d
11,67,EWUS9AaKts
12,100,WJrWAidLZ5
12,92,l8fb19WIds
12,51,DlK1RDF6DZ
12,64,s8jX7v1r9L
12,68,qSaWq5Khmt
12,97,JEdJCRTwMu
12,89,LbOIaCTwOR
12,53,F8SGo1rfbJ
12,72,aDQQtN7BnB
12,92,w4xX1lvTG7
12,86,ixYZCGpl5D
12,87,iep724zbM3
12,68,rRMSF0EH7d
12,54,EWUS9AaKts
13,72,WJrWAidLZ5
13,88,l8fb19WIds
13,72,DlK1RDF6DZ
13,35,s8jX7v1r9L
13,50,qSaWq5Khmt
13,78,JEdJCRTwMu
13,94,LbOIaCTwOR
13,92,F8SGo1rfbJ
13,65,aDQQtN7BnB
13,39,w4xX1lvTG7
13,66,ixYZCGpl5D
13,35,iep724zbM3
13,64,rRMSF0EH7d
13,98,EWUS9AaKts
14,27,WJrWAidLZ5
14,55,l8fb19WIds
14,40,DlK1RDF6DZ
14,21,s8jX7v1r9L
14,29,qSaWq5Khmt
14,45,JEdJCRTwMu
14,35,LbOIaCTwOR
14,26,F8SGo1rfbJ
14,47,aDQQtN7BnB
14,25,w4xX1lvTG7
14,36,ixYZCGpl5D
14,20,iep724zbM3
14,48,rRMSF0EH7d
14,22,EWUS9AaKts
15,100,WJrWAidLZ5
15,82,l8fb19WIds
15,67,DlK1RDF6DZ
15,76,s8jX7v1r9L
15,77,qSaWq5Khmt
15,92,JEdJCRTwMu
15,41,LbOIaCTwOR
15,53,F8SGo1rfbJ
15,77,aDQQtN7BnB
15,99,w4xX1lvTG7
15,73,ixYZCGpl5D
15,96,iep724zbM3
15,83,rRMSF0EH7d
15,63,EWUS9AaKts
16,55,WJrWAidLZ5
16,24,l8fb19WIds
16,49,DlK1RDF6DZ
16,36,s8jX7v1r9L
16,59,qSaWq5Khmt
16,43,JEdJCRTwMu
16,59,LbOIaCTwOR
16,43,F8SGo1rfbJ
16,53,aDQQtN7BnB
16,30,w4xX1lvTG7
16,53,ixYZCGpl5D
16,47,iep724zbM3
16,28,rRMSF0EH7d
16,32,EWUS9AaKts
17,64,WJrWAidLZ5
17,138,l8fb19WIds
17,57,DlK1RDF6DZ
17,120,s8jX7v1r9L
17,149,qSaWq5Khmt
17,141,JEdJCRTwMu
17,146,LbOIaCTwOR
17,71,F8SGo1rfbJ
17,86,aDQQtN7BnB
17,47,w4xX1lvTG7
17,65,ixYZCGpl5D
17,101,iep724zbM3
17,42,rRMSF0EH7d
17,119,EWUS9AaKts
18,5,WJrWAidLZ5
18,7,l8fb19WIds
18,3,DlK1RDF6DZ
18,1,s8jX7v1r9L
18,6,qSaWq5Khmt
18,6,JEdJCRTwMu
18,3,LbOIaCTwOR
18,6,F8SGo1rfbJ
18,7,aDQQtN7BnB
18,3,w4xX1lvTG7
18,3,ixYZCGpl5D
18,5,iep724zbM3
18,1,rRMSF0EH7d
18,4,EWUS9AaKts
19,80,WJrWAidLZ5
19,79,l8fb19WIds
19,92,DlK1RDF6DZ
19,58,s8jX7v1r9L
19,49,qSaWq5Khmt
19,96,JEdJCRTwMu
19,36,LbOIaCTwOR
19,99,F8SGo1rfbJ
19,84,aDQQtN7BnB
19,86,w4xX1lvTG7
19,58,ixYZCGpl5D
19,79,iep724zbM3
19,78,rRMSF0EH7d
19,54,EWUS9AaKts
20,62,A1Kcf8Z1u3
20,100,Rjuqf7P3nX
20,60,ECk9NPOnC1
20,63,0nYGfSzH52
20,86,8BdlWK9mvn
20,56,hEp6l3yRkB
20,48,vrSPzDaBog
20,56,yVEE6glmyP
20,63,4D8d5NFQey
20,74,tmil3gYi8I
20,57,stB2damzF1
20,78,Q5zYQSo07T
20,77,s8jX7v1r9L
20,59,qSaWq5Khmt
20,86,JEdJCRTwMu
20,98,LbOIaCTwOR
20,86,F8SGo1rfbJ
20,86,aDQQtN7BnB
20,75,w4xX1lvTG7
20,64,ixYZCGpl5D
21,95,A1Kcf8Z1u3
21,92,Rjuqf7P3nX
21,81,ECk9NPOnC1
21,71,0nYGfSzH52
21,68,8BdlWK9mvn
21,71,hEp6l3yRkB
21,76,vrSPzDaBog
21,88,yVEE6glmyP
21,58,4D8d5NFQey
21,47,tmil3gYi8I
21,92,stB2damzF1
21,78,Q5zYQSo07T
21,88,s8jX7v1r9L
21,52,qSaWq5Khmt
21,77,JEdJCRTwMu
21,71,LbOIaCTwOR
21,93,F8SGo1rfbJ
21,74,aDQQtN7BnB
21,89,w4xX1lvTG7
21,45,ixYZCGpl5D
22,98,A1Kcf8Z1u3
22,86,Rjuqf7P3nX
22,88,ECk9NPOnC1
22,57,0nYGfSzH52
22,41,8BdlWK9mvn
22,96,hEp6l3yRkB
22,65,vrSPzDaBog
22,26,yVEE6glmyP
22,56,4D8d5NFQey
22,99,tmil3gYi8I
22,67,stB2damzF1
22,83,Q5zYQSo07T
22,49,s8jX7v1r9L
22,42,qSaWq5Khmt
22,62,JEdJCRTwMu
22,46,LbOIaCTwOR
22,89,F8SGo1rfbJ
22,58,aDQQtN7BnB
22,58,w4xX1lvTG7
22,22,ixYZCGpl5D
23,88,A1Kcf8Z1u3
23,78,Rjuqf7P3nX
23,93,ECk9NPOnC1
23,26,0nYGfSzH52
23,74,8BdlWK9mvn
23,41,hEp6l3yRkB
23,75,vrSPzDaBog
23,97,yVEE6glmyP
23,63,4D8d5NFQey
23,62,tmil3gYi8I
23,88,stB2damzF1
23,93,Q5zYQSo07T
23,91,s8jX7v1r9L
23,64,qSaWq5Khmt
23,45,JEdJCRTwMu
23,81,LbOIaCTwOR
23,31,F8SGo1rfbJ
23,54,aDQQtN7BnB
23,83,w4xX1lvTG7
23,32,ixYZCGpl5D
24,67,A1Kcf8Z1u3
24,74,Rjuqf7P3nX
24,69,ECk9NPOnC1
24,75,0nYGfSzH52
24,77,8BdlWK9mvn
24,26,hEp6l3yRkB
24,88,vrSPzDaBog
24,94,yVEE6glmyP
24,36,4D8d5NFQey
24,43,tmil3gYi8I
24,85,stB2damzF1
24,67,Q5zYQSo07T
24,39,s8jX7v1r9L
24,45,qSaWq5Khmt
24,70,JEdJCRTwMu
24,45,LbOIaCTwOR
24,91,F8SGo1rfbJ
24,90,aDQQtN7BnB
24,62,w4xX1lvTG7
24,39,ixYZCGpl5D
25,58,A1Kcf8Z1u3
25,54,Rjuqf7P3nX
25,69,ECk9NPOnC1
25,44,0nYGfSzH52
25,77,8BdlWK9mvn
25,23,hEp6l3yRkB
25,31,vrSPzDaBog
25,80,yVEE6glmyP
25,46,4D8d5NFQey
25,80,tmil3gYi8I
25,29,stB2damzF1
25,76,Q5zYQSo07T
25,98,s8jX7v1r9L
25,30,qSaWq5Khmt
25,38,JEdJCRTwMu
25,40,LbOIaCTwOR
25,81,F8SGo1rfbJ
25,40,aDQQtN7BnB
25,47,w4xX1lvTG7
25,45,ixYZCGpl5D
26,98,A1Kcf8Z1u3
26,58,Rjuqf7P3nX
26,67,ECk9NPOnC1
26,25,0nYGfSzH52
26,100,8BdlWK9mvn
26,75,hEp6l3yRkB
26,62,vrSPzDaBog
26,55,yVEE6glmyP
26,38,4D8d5NFQey
26,97,tmil3gYi8I
26,54,stB2damzF1
26,43,Q5zYQSo07T
26,65,s8jX7v1r9L
26,74,qSaWq5Khmt
26,24,JEdJCRTwMu
26,33,LbOIaCTwOR
26,40,F8SGo1rfbJ
26,77,aDQQtN7BnB
26,72,w4xX1lvTG7
26,66,ixYZCGpl5D
27,66,A1Kcf8Z1u3
27,85,Rjuqf7P3nX
27,61,ECk9NPOnC1
27,20,0nYGfSzH52
27,78,8BdlWK9mvn
27,68,hEp6l3yRkB
27,72,vrSPzDaBog
27,45,yVEE6glmyP
27,29,4D8d5NFQey
27,25,tmil3gYi8I
27,34,stB2damzF1
27,53,Q5zYQSo07T
27,84,s8jX7v1r9L
27,44,qSaWq5Khmt
27,21,JEdJCRTwMu
27,93,LbOIaCTwOR
27,70,F8SGo1rfbJ
27,51,aDQQtN7BnB
27,48,w4xX1lvTG7
27,70,ixYZCGpl5D
28,58,A1Kcf8Z1u3
28,67,Rjuqf7P3nX
28,86,ECk9NPOnC1
28,45,0nYGfSzH52
28,96,8BdlWK9mvn
28,97,hEp6l3yRkB
28,46,vrSPzDaBog
28,70,yVEE6glmyP
28,35,4D8d5NFQey
28,42,tmil3gYi8I
28,43,stB2damzF1
28,91,Q5zYQSo07T
28,27,s8jX7v1r9L
28,68,qSaWq5Khmt
28,47,JEdJCRTwMu
28,72,LbOIaCTwOR
28,36,F8SGo1rfbJ
28,62,aDQQtN7BnB
28,62,w4xX1lvTG7
28,57,ixYZCGpl5D
29,94,A1Kcf8Z1u3
29,59,Rjuqf7P3nX
29,51,ECk9NPOnC1
29,58,0nYGfSzH52
29,74,8BdlWK9mvn
29,66,hEp6l3yRkB
29,40,vrSPzDaBog
29,82,yVEE6glmyP
29,48,4D8d5NFQey
29,90,tmil3gYi8I
29,38,stB2damzF1
29,66,Q5zYQSo07T
29,52,s8jX7v1r9L
29,44,qSaWq5Khmt
29,40,JEdJCRTwMu
29,54,LbOIaCTwOR
29,53,F8SGo1rfbJ
29,93,aDQQtN7BnB
29,93,w4xX1lvTG7
29,21,ixYZCGpl5D
30,95,tmt3aPs20s
30,89,QrcaEXMLnx
30,70,VxX7KCsBEi
30,70,PiQvBSPut9
30,44,MvygDkC5GZ
30,73,pSE2USVUGe
30,30,uZfhzJCf3Q
30,29,2ruNWPmicg
30,57,5xTn7laQAz
30,29,UPLEFa48ob
30,89,g0aGB2MNq6
30,61,vMCwbZJ5UI
30,69,P80TDV5kec
30,85,UX8dL9oWOH
30,39,erGZXNCSa8
30,95,aKtF7xlCj0
30,35,OcbMCqoATE
30,96,Ki437ImMiB
30,99,VkA4Ln4RP8
30,36,Vv5mvmR93y
30,37,9mCMQL1myp
30,44,FGVfybCruk
30,81,ybgAEICak2
31,83,tmt3aPs20s
31,95,QrcaEXMLnx
31,95,VxX7KCsBEi
31,91,PiQvBSPut9
31,71,MvygDkC5GZ
31,52,pSE2USVUGe
31,86,uZfhzJCf3Q
31,94,2ruNWPmicg
31,36,5xTn7laQAz
31,91,UPLEFa48ob
31,47,g0aGB2MNq6
31,70,vMCwbZJ5UI
31,100,P80TDV5kec
31,62,UX8dL9oWOH
31,35,erGZXNCSa8
31,71,aKtF7xlCj0
31,93,OcbMCqoATE
31,99,Ki437ImMiB
31,79,VkA4Ln4RP8
31,85,Vv5mvmR93y
31,92,9mCMQL1myp
31,28,FGVfybCruk
31,29,ybgAEICak2
32,96,tmt3aPs20s
32,76,QrcaEXMLnx
32,70,VxX7KCsBEi
32,66,PiQvBSPut9
32,36,MvygDkC5GZ
32,88,pSE2USVUGe
32,48,uZfhzJCf3Q
32,49,2ruNWPmicg
32,41,5xTn7laQAz
32,88,UPLEFa48ob
32,71,g0aGB2MNq6
32,93,vMCwbZJ5UI
32,55,P80TDV5kec
32,45,UX8dL9oWOH
32,71,erGZXNCSa8
32,92,aKtF7xlCj0
32,59,OcbMCqoATE
32,56,Ki437ImMiB
32,30,VkA4Ln4RP8
32,55,Vv5mvmR93y
32,47,9mCMQL1myp
32,40,FGVfybCruk
32,37,ybgAEICak2
33,88,tmt3aPs20s
33,55,QrcaEXMLnx
33,97,VxX7KCsBEi
33,67,PiQvBSPut9
33,76,MvygDkC5GZ
33,67,pSE2USVUGe
33,64,uZfhzJCf3Q
33,77,2ruNWPmicg
33,25,5xTn7laQAz
33,62,UPLEFa48ob
33,56,g0aGB2MNq6
33,75,vMCwbZJ5UI
33,64,P80TDV5kec
33,97,UX8dL9oWOH
33,22,erGZXNCSa8
33,26,aKtF7xlCj0
33,56,OcbMCqoATE
33,65,Ki437ImMiB
33,23,VkA4Ln4RP8
33,84,Vv5mvmR93y
33,24,9mCMQL1myp
33,99,FGVfybCruk
33,85,ybgAEICak2
34,33,tmt3aPs20s
34,56,QrcaEXMLnx
34,44,VxX7KCsBEi
34,30,PiQvBSPut9
34,31,MvygDkC5GZ
34,36,pSE2USVUGe
34,38,uZfhzJCf3Q
34,58,2ruNWPmicg
34,27,5xTn7laQAz
34,46,UPLEFa48ob
34,26,g0aGB2MNq6
34,29,vMCwbZJ5UI
34,49,P80TDV5kec
34,24,UX8dL9oWOH
34,34,erGZXNCSa8
34,48,aKtF7xlCj0
34,34,OcbMCqoATE
34,25,Ki437ImMiB
34,46,VkA4Ln4RP8
34,52,Vv5mvmR93y
34,54,9mCMQL1myp
34,34,FGVfybCruk
34,60,ybgAEICak2
35,86,tmt3aPs20s
35,36,QrcaEXMLnx
35,47,VxX7KCsBEi
35,56,PiQvBSPut9
35,71,MvygDkC5GZ
35,53,pSE2USVUGe
35,32,uZfhzJCf3Q
35,56,2ruNWPmicg
35,42,5xTn7laQAz
35,50,UPLEFa48ob
35,79,g0aGB2MNq6
35,23,vMCwbZJ5UI
35,30,P80TDV5kec
35,46,UX8dL9oWOH
35,78,erGZXNCSa8
35,58,aKtF7xlCj0
35,23,OcbMCqoATE
35,58,Ki437ImMiB
35,58,VkA4Ln4RP8
35,77,Vv5mvmR93y
35,84,9mCMQL1myp
35,21,FGVfybCruk
35,84,ybgAEICak2
36,51,tmt3aPs20s
36,48,QrcaEXMLnx
36,27,VxX7KCsBEi
36,26,PiQvBSPut9
36,23,MvygDkC5GZ
36,34,pSE2USVUGe
36,48,uZfhzJCf3Q
36,23,2ruNWPmicg
36,28,5xTn7laQAz
36,39,UPLEFa48ob
36,59,g0aGB2MNq6
36,26,vMCwbZJ5UI
36,46,P80TDV5kec
36,22,UX8dL9oWOH
36,35,erGZXNCSa8
36,29,aKtF7xlCj0
36,60,OcbMCqoATE
36,54,Ki437ImMiB
36,42,VkA4Ln4RP8
36,50,Vv5mvmR93y
36,26,9mCMQL1myp
36,38,FGVfybCruk
36,50,ybgAEICak2
37,103,tmt3aPs20s
37,40,QrcaEXMLnx
37,108,VxX7KCsBEi
37,120,PiQvBSPut9
37,94,MvygDkC5GZ
37,105,pSE2USVUGe
37,22,uZfhzJCf3Q
37,119,2ruNWPmicg
37,48,5xTn7laQAz
37,73,UPLEFa48ob
37,94,g0aGB2MNq6
37,68,vMCwbZJ5UI
37,39,P80TDV5kec
37,55,UX8dL9oWOH
37,121,erGZXNCSa8
37,130,aKtF7xlCj0
37,80,OcbMCqoATE
37,121,Ki437ImMiB
37,115,VkA4Ln4RP8
37,125,Vv5mvmR93y
37,48,9mCMQL1myp
37,132,FGVfybCruk
37,120,ybgAEICak2
38,1,tmt3aPs20s
38,7,QrcaEXMLnx
38,9,VxX7KCsBEi
38,6,PiQvBSPut9
38,0,MvygDkC5GZ
38,4,pSE2USVUGe
38,4,uZfhzJCf3Q
38,9,2ruNWPmicg
38,7,5xTn7laQAz
38,10,UPLEFa48ob
38,8,g0aGB2MNq6
38,7,vMCwbZJ5UI
38,6,P80TDV5kec
38,0,UX8dL9oWOH
38,2,erGZXNCSa8
38,7,aKtF7xlCj0
38,0,OcbMCqoATE
38,0,Ki437ImMiB
38,1,VkA4Ln4RP8
38,3,Vv5mvmR93y
38,1,9mCMQL1myp
38,2,FGVfybCruk
38,3,ybgAEICak2
39,64,tmt3aPs20s
39,52,QrcaEXMLnx
39,58,VxX7KCsBEi
39,53,PiQvBSPut9
39,84,MvygDkC5GZ
39,77,pSE2USVUGe
39,99,uZfhzJCf3Q
39,37,2ruNWPmicg
39,92,5xTn7laQAz
39,20,UPLEFa48ob
39,63,g0aGB2MNq6
39,85,vMCwbZJ5UI
39,77,P80TDV5kec
39,49,UX8dL9oWOH
39,91,erGZXNCSa8
39,37,aKtF7xlCj0
39,71,OcbMCqoATE
39,95,Ki437ImMiB
39,76,VkA4Ln4RP8
39,88,Vv5mvmR93y
39,46,9mCMQL1myp
39,41,FGVfybCruk
39,29,ybgAEICak2
40,93,WJrWAidLZ5
40,67,tmt3aPs20s
40,94,PiQvBSPut9
40,53,pSE2USVUGe
40,98,uZfhzJCf3Q
40,83,2ruNWPmicg
40,92,5xTn7laQAz
40,90,UPLEFa48ob
40,79,g0aGB2MNq6
40,69,vMCwbZJ5UI
40,80,P80TDV5kec
40,59,UX8dL9oWOH
40,69,erGZXNCSa8
40,99,aKtF7xlCj0
40,47,OcbMCqoATE
40,67,Ki437ImMiB
40,92,VkA4Ln4RP8
40,89,Vv5mvmR93y
40,63,9mCMQL1myp
41,86,WJrWAidLZ5
41,63,tmt3aPs20s
41,70,PiQvBSPut9
41,47,pSE2USVUGe
41,46,uZfhzJCf3Q
41,48,2ruNWPmicg
41,54,5xTn7laQAz
41,81,UPLEFa48ob
41,69,g0aGB2MNq6
41,68,vMCwbZJ5UI
41,57,P80TDV5kec
41,83,UX8dL9oWOH
41,49,erGZXNCSa8
41,93,aKtF7xlCj0
41,78,OcbMCqoATE
41,53,Ki437ImMiB
41,70,VkA4Ln4RP8
41,87,Vv5mvmR93y
41,73,9mCMQL1myp
42,90,WJrWAidLZ5
42,60,tmt3aPs20s
42,78,PiQvBSPut9
42,96,pSE2USVUGe
42,86,uZfhzJCf3Q
42,66,2ruNWPmicg
42,92,5xTn7laQAz
42,86,UPLEFa48ob
42,82,g0aGB2MNq6
42,99,vMCwbZJ5UI
42,53,P80TDV5kec
42,74,UX8dL9oWOH
42,90,erGZXNCSa8
42,91,aKtF7xlCj0
42,92,OcbMCqoATE
42,83,Ki437ImMiB
42,52,VkA4Ln4RP8
42,79,Vv5mvmR93y
42,97,9mCMQL1myp
43,74,WJrWAidLZ5
43,96,tmt3aPs20s
43,59,PiQvBSPut9
43,51,pSE2USVUGe
43,47,uZfhzJCf3Q
43,93,2ruNWPmicg
43,46,5xTn7laQAz
43,90,UPLEFa48ob
43,45,g0aGB2MNq6
43,85,vMCwbZJ5UI
43,56,P80TDV5kec
43,62,UX8dL9oWOH
43,86,erGZXNCSa8
43,47,aKtF7xlCj0
43,77,OcbMCqoATE
43,62,Ki437ImMiB
43,93,VkA4Ln4RP8
43,87,Vv5mvmR93y
43,48,9mCMQL1myp
44,97,WJrWAidLZ5
44,66,tmt3aPs20s
44,71,PiQvBSPut9
44,70,pSE2USVUGe
44,55,uZfhzJCf3Q
44,49,2ruNWPmicg
44,95,5xTn7laQAz
44,84,UPLEFa48ob
44,87,g0aGB2MNq6
44,93,vMCwbZJ5UI
44,67,P80TDV5kec
44,56,UX8dL9oWOH
44,68,erGZXNCSa8
44,63,aKtF7xlCj0
44,82,OcbMCqoATE
44,51,Ki437ImMiB
44,65,VkA4Ln4RP8
44,59,Vv5mvmR93y
44,72,9mCMQL1myp
45,97,WJrWAidLZ5
45,144,tmt3aPs20s
45,114,PiQvBSPut9
45,85,pSE2USVUGe
45,124,uZfhzJCf3Q
45,98,2ruNWPmicg
45,78,5xTn7laQAz
45,99,UPLEFa48ob
45,54,g0aGB2MNq6
45,77,vMCwbZJ5UI
45,142,P80TDV5kec
45,114,UX8dL9oWOH
45,109,erGZXNCSa8
45,142,aKtF7xlCj0
45,57,OcbMCqoATE
45,95,Ki437ImMiB
45,135,VkA4Ln4RP8
45,61,Vv5mvmR93y
45,81,9mCMQL1myp
46,65,8uv1aK9btU
46,97,cp5asEx6KR
46,98,RxNqRHaaoI
46,91,AnRRwDoMFm
46,96,RwKSObZt8b
46,96,QVsfnLS8nP
46,61,piajOfWMIT
46,82,lKOmgoDP5M
46,99,xrWlqSyLPV
46,47,k4hG2bKBi2
46,79,OhfDW5FQet
46,84,0Bb2zMzQAL
46,86,qjAClhRo8T
46,100,MMNPTkNHZg
46,95,v9ksRoAENe
46,71,I8k5HwpLlU
46,45,pAA8hhbaAf
46,94,kJQAvxlegv
46,55,l8Ck5AEii7
46,50,EIBGkZJ8LU
46,57,WVztzxaqG1
46,88,nlNo3Ifie2
46,78,fe20lUruvB
46,75,q24FfeogSR
46,68,1aRjlUAYpO
46,51,WUMHFJy3AG
46,51,ujARr06uDs
46,64,RtDWbzvtoo
46,98,bCSKEQsp82
47,99,8uv1aK9btU
47,86,cp5asEx6KR
47,85,RxNqRHaaoI
47,71,AnRRwDoMFm
47,60,RwKSObZt8b
47,71,QVsfnLS8nP
47,68,piajOfWMIT
47,84,lKOmgoDP5M
47,98,xrWlqSyLPV
47,90,k4hG2bKBi2
47,77,OhfDW5FQet
47,69,0Bb2zMzQAL
47,66,qjAClhRo8T
47,100,MMNPTkNHZg
47,81,v9ksRoAENe
47,87,I8k5HwpLlU
47,75,pAA8hhbaAf
47,56,kJQAvxlegv
47,65,l8Ck5AEii7
47,96,EIBGkZJ8LU
47,79,WVztzxaqG1
47,71,nlNo3Ifie2
47,55,fe20lUruvB
47,98,q24FfeogSR
47,76,1aRjlUAYpO
47,93,WUMHFJy3AG
47,97,ujARr06uDs
47,55,RtDWbzvtoo
47,60,bCSKEQsp82
48,26,8uv1aK9btU
48,48,cp5asEx6KR
48,35,RxNqRHaaoI
48,20,AnRRwDoMFm
48,44,RwKSObZt8b
48,29,QVsfnLS8nP
48,27,piajOfWMIT
48,30,lKOmgoDP5M
48,38,xrWlqSyLPV
48,45,k4hG2bKBi2
48,27,OhfDW5FQet
48,10,0Bb2zMzQAL
48,16,qjAClhRo8T
48,43,MMNPTkNHZg
48,36,v9ksRoAENe
48,21,I8k5HwpLlU
48,7,pAA8hhbaAf
48,19,kJQAvxlegv
48,48,l8Ck5AEii7
48,49,EIBGkZJ8LU
48,33,WVztzxaqG1
48,6,nlNo3Ifie2
48,8,fe20lUruvB
48,32,q24FfeogSR
48,47,1aRjlUAYpO
48,8,WUMHFJy3AG
48,22,ujARr06uDs
48,50,RtDWbzvtoo
48,9,bCSKEQsp82
49,98,8uv1aK9btU
49,69,cp5asEx6KR
49,67,RxNqRHaaoI
49,95,AnRRwDoMFm
49,82,RwKSObZt8b
49,92,QVsfnLS8nP
49,86,piajOfWMIT
49,71,lKOmgoDP5M
49,100,xrWlqSyLPV
49,72,k4hG2bKBi2
49,84,OhfDW5FQet
49,61,0Bb2zMzQAL
49,60,qjAClhRo8T
49,74,MMNPTkNHZg
49,49,v9ksRoAENe
49,91,I8k5HwpLlU
49,99,pAA8hhbaAf
49,100,kJQAvxlegv
49,87,l8Ck5AEii7
49,64,EIBGkZJ8LU
49,77,WVztzxaqG1
49,81,nlNo3Ifie2
49,50,fe20lUruvB
49,56,q24FfeogSR
49,88,1aRjlUAYpO
49,85,WUMHFJy3AG
49,80,ujARr06uDs
49,78,RtDWbzvtoo
49,56,bCSKEQsp82
50,91,8uv1aK9btU
50,97,cp5asEx6KR
50,53,RxNqRHaaoI
50,50,AnRRwDoMFm
50,60,RwKSObZt8b
50,99,QVsfnLS8nP
50,99,piajOfWMIT
50,50,lKOmgoDP5M
50,72,xrWlqSyLPV
50,89,k4hG2bKBi2
50,61,OhfDW5FQet
50,89,0Bb2zMzQAL
50,75,qjAClhRo8T
50,78,MMNPTkNHZg
50,93,v9ksRoAENe
50,92,I8k5HwpLlU
50,71,pAA8hhbaAf
50,87,kJQAvxlegv
50,67,l8Ck5AEii7
50,46,EIBGkZJ8LU
50,51,WVztzxaqG1
50,88,nlNo3Ifie2
50,65,fe20lUruvB
50,86,q24FfeogSR
50,79,1aRjlUAYpO
50,75,WUMHFJy3AG
50,57,ujARr06uDs
50,89,RtDWbzvtoo
50,72,bCSKEQsp82
51,70,8uv1aK9btU
51,96,cp5asEx6KR
51,58,RxNqRHaaoI
51,94,AnRRwDoMFm
51,77,RwKSObZt8b
51,93,QVsfnLS8nP
51,93,piajOfWMIT
51,46,lKOmgoDP5M
51,56,xrWlqSyLPV
51,47,k4hG2bKBi2
51,87,OhfDW5FQet
51,85,0Bb2zMzQAL
51,92,qjAClhRo8T
51,62,MMNPTkNHZg
51,64,v9ksRoAENe
51,69,I8k5HwpLlU
51,92,pAA8hhbaAf
51,94,kJQAvxlegv
51,95,l8Ck5AEii7
51,91,EIBGkZJ8LU
51,63,WVztzxaqG1
51,80,nlNo3Ifie2
51,47,fe20lUruvB
51,53,q24FfeogSR
51,68,1aRjlUAYpO
51,48,WUMHFJy3AG
51,85,ujARr06uDs
51,46,RtDWbzvtoo
51,54,bCSKEQsp82
52,83,8uv1aK9btU
52,78,cp5asEx6KR
52,44,RxNqRHaaoI
52,89,AnRRwDoMFm
52,95,RwKSObZt8b
52,119,QVsfnLS8nP
52,109,piajOfWMIT
52,66,lKOmgoDP5M
52,68,xrWlqSyLPV
52,64,k4hG2bKBi2
52,90,OhfDW5FQet
52,99,0Bb2zMzQAL
52,81,qjAClhRo8T
52,71,MMNPTkNHZg
52,77,v9ksRoAENe
52,76,I8k5HwpLlU
52,88,pAA8hhbaAf
52,115,kJQAvxlegv
52,110,l8Ck5AEii7
52,120,EIBGkZJ8LU
52,110,WVztzxaqG1
52,73,nlNo3Ifie2
52,115,fe20lUruvB
52,108,q24FfeogSR
52,100,1aRjlUAYpO
52,119,WUMHFJy3AG
52,114,ujARr06uDs
52,80,RtDWbzvtoo
52,79,bCSKEQsp82
53,80,xshALL98rR
53,84,8uv1aK9btU
53,69,cp5asEx6KR
53,77,RxNqRHaaoI
53,77,AnRRwDoMFm
53,80,RwKSObZt8b
53,61,QVsfnLS8nP
53,47,qjAClhRo8T
53,71,MMNPTkNHZg
53,90,v9ksRoAENe
53,91,I8k5HwpLlU
53,48,pAA8hhbaAf
53,69,kJQAvxlegv
53,46,l8Ck5AEii7
53,65,EIBGkZJ8LU
53,51,WVztzxaqG1
53,96,nlNo3Ifie2
53,75,fe20lUruvB
53,69,k4hG2bKBi2
53,96,OhfDW5FQet
54,63,xshALL98rR
54,88,8uv1aK9btU
54,70,cp5asEx6KR
54,63,RxNqRHaaoI
54,65,AnRRwDoMFm
54,99,RwKSObZt8b
54,70,QVsfnLS8nP
54,58,qjAClhRo8T
54,74,MMNPTkNHZg
54,81,v9ksRoAENe
54,65,I8k5HwpLlU
54,90,pAA8hhbaAf
54,78,kJQAvxlegv
54,88,l8Ck5AEii7
54,96,EIBGkZJ8LU
54,78,WVztzxaqG1
54,78,nlNo3Ifie2
54,94,fe20lUruvB
54,85,k4hG2bKBi2
54,96,OhfDW5FQet
55,67,xshALL98rR
55,94,8uv1aK9btU
55,100,cp5asEx6KR
55,79,RxNqRHaaoI
55,85,AnRRwDoMFm
55,100,RwKSObZt8b
55,80,QVsfnLS8nP
55,76,qjAClhRo8T
55,59,MMNPTkNHZg
55,90,v9ksRoAENe
55,51,I8k5HwpLlU
55,49,pAA8hhbaAf
55,72,kJQAvxlegv
55,49,l8Ck5AEii7
55,89,EIBGkZJ8LU
55,98,WVztzxaqG1
55,74,nlNo3Ifie2
55,48,fe20lUruvB
55,68,k4hG2bKBi2
55,79,OhfDW5FQet
56,89,xshALL98rR
56,76,8uv1aK9btU
56,89,cp5asEx6KR
56,94,RxNqRHaaoI
56,62,AnRRwDoMFm
56,73,RwKSObZt8b
56,82,QVsfnLS8nP
56,62,qjAClhRo8T
56,60,MMNPTkNHZg
56,79,v9ksRoAENe
56,67,I8k5HwpLlU
56,59,pAA8hhbaAf
56,73,kJQAvxlegv
56,60,l8Ck5AEii7
56,76,EIBGkZJ8LU
56,59,WVztzxaqG1
56,72,nlNo3Ifie2
56,70,fe20lUruvB
56,57,k4hG2bKBi2
56,80,OhfDW5FQet
57,98,xshALL98rR
57,62,8uv1aK9btU
57,77,cp5asEx6KR
57,86,RxNqRHaaoI
57,93,AnRRwDoMFm
57,93,RwKSObZt8b
57,54,QVsfnLS8nP
57,46,qjAClhRo8T
57,58,MMNPTkNHZg
57,84,v9ksRoAENe
57,81,I8k5HwpLlU
57,81,pAA8hhbaAf
57,74,kJQAvxlegv
57,62,l8Ck5AEii7
57,45,EIBGkZJ8LU
57,95,WVztzxaqG1
57,96,nlNo3Ifie2
57,62,fe20lUruvB
57,78,k4hG2bKBi2
57,68,OhfDW5FQet
58,103,xshALL98rR
58,114,8uv1aK9btU
58,116,cp5asEx6KR
58,134,RxNqRHaaoI
58,123,AnRRwDoMFm
58,120,RwKSObZt8b
58,67,QVsfnLS8nP
58,93,qjAClhRo8T
58,132,MMNPTkNHZg
58,116,v9ksRoAENe
58,52,I8k5HwpLlU
58,115,pAA8hhbaAf
58,68,kJQAvxlegv
58,84,l8Ck5AEii7
58,91,EIBGkZJ8LU
58,109,WVztzxaqG1
58,146,nlNo3Ifie2
58,101,fe20lUruvB
58,57,k4hG2bKBi2
58,105,OhfDW5FQet
59,73,qBhsb9AT1D
59,63,wUSNkrt2i7
59,85,YXCMIivcy6
59,78,loWO7ep40W
59,67,AyZm6kgtLQ
59,87,RCkC4TjYNZ
59,90,SGDgfAoZn8
59,75,UuUxEvmxXO
59,73,9wHtriXf8s
59,92,j3BjhOJA0K
59,82,77JVECgA9Y
59,63,LRH33DL7sR
59,67,82rggZxf5c
59,81,ffD2jzc574
59,67,zMdmtuvTDn
59,78,4RygfhpS1h
59,99,WW56HAP2R1
59,96,Sx6sqg2Av5
59,79,Oojd410rxz
60,73,qBhsb9AT1D
60,72,wUSNkrt2i7
60,70,YXCMIivcy6
60,84,loWO7ep40W
60,78,AyZm6kgtLQ
60,83,RCkC4TjYNZ
60,82,SGDgfAoZn8
60,52,UuUxEvmxXO
60,83,9wHtriXf8s
60,66,j3BjhOJA0K
60,57,77JVECgA9Y
60,70,LRH33DL7sR
60,61,82rggZxf5c
60,51,ffD2jzc574
60,69,zMdmtuvTDn
60,50,4RygfhpS1h
60,76,WW56HAP2R1
60,50,Sx6sqg2Av5
60,95,Oojd410rxz
61,97,qBhsb9AT1D
61,77,wUSNkrt2i7
61,97,YXCMIivcy6
61,96,loWO7ep40W
61,89,AyZm6kgtLQ
61,92,RCkC4TjYNZ
61,97,SGDgfAoZn8
61,95,UuUxEvmxXO
61,89,9wHtriXf8s
61,65,j3BjhOJA0K
61,74,77JVECgA9Y
61,54,LRH33DL7sR
61,49,82rggZxf5c
61,55,ffD2jzc574
61,85,zMdmtuvTDn
61,68,4RygfhpS1h
61,45,WW56HAP2R1
61,46,Sx6sqg2Av5
61,69,Oojd410rxz
62,30,qBhsb9AT1D
62,42,wUSNkrt2i7
62,28,YXCMIivcy6
62,52,loWO7ep40W
62,49,AyZm6kgtLQ
62,28,RCkC4TjYNZ
62,59,SGDgfAoZn8
62,56,UuUxEvmxXO
62,22,9wHtriXf8s
62,34,j3BjhOJA0K
62,34,77JVECgA9Y
62,29,LRH33DL7sR
62,42,82rggZxf5c
62,46,ffD2jzc574
62,43,zMdmtuvTDn
62,28,4RygfhpS1h
62,24,WW56HAP2R1
62,56,Sx6sqg2Av5
62,50,Oojd410rxz
63,82,qBhsb9AT1D
63,50,wUSNkrt2i7
63,61,YXCMIivcy6
63,65,loWO7ep40W
63,67,AyZm6kgtLQ
63,50,RCkC4TjYNZ
63,43,SGDgfAoZn8
63,76,UuUxEvmxXO
63,46,9wHtriXf8s
63,43,j3BjhOJA0K
63,60,77JVECgA9Y
63,43,LRH33DL7sR
63,68,82rggZxf5c
63,80,ffD2jzc574
63,70,zMdmtuvTDn
63,87,4RygfhpS1h
63,31,WW56HAP2R1
63,89,Sx6sqg2Av5
63,81,Oojd410rxz
64,,qBhsb9AT1D
64,,wUSNkrt2i7
64,,YXCMIivcy6
64,,loWO7ep40W
64,,AyZm6kgtLQ
64,,RCkC4TjYNZ
64,,SGDgfAoZn8
64,,UuUxEvmxXO
64,,9wHtriXf8s
64,,j3BjhOJA0K
64,,77JVECgA9Y
64,,LRH33DL7sR
64,,82rggZxf5c
64,,ffD2jzc574
64,,zMdmtuvTDn
64,,4RygfhpS1h
64,,WW56HAP2R1
64,,Sx6sqg2Av5
64,,Oojd410rxz
65,,qBhsb9AT1D
65,,wUSNkrt2i7
65,,YXCMIivcy6
65,,loWO7ep40W
65,,AyZm6kgtLQ
65,,RCkC4TjYNZ
65,,SGDgfAoZn8
65,,UuUxEvmxXO
65,,9wHtriXf8s
65,,j3BjhOJA0K
65,,77JVECgA9Y
65,,LRH33DL7sR
65,,82rggZxf5c
65,,ffD2jzc574
65,,zMdmtuvTDn
65,,4RygfhpS1h
65,,WW56HAP2R1
65,,Sx6sqg2Av5
65,,Oojd410rxz
66,,qBhsb9AT1D
66,,wUSNkrt2i7
66,,YXCMIivcy6
66,,loWO7ep40W
66,,AyZm6kgtLQ
66,,RCkC4TjYNZ
66,,SGDgfAoZn8
66,,UuUxEvmxXO
66,,9wHtriXf8s
66,,j3BjhOJA0K
66,,77JVECgA9Y
66,,LRH33DL7sR
66,,82rggZxf5c
66,,ffD2jzc574
66,,zMdmtuvTDn
66,,4RygfhpS1h
66,,WW56HAP2R1
66,,Sx6sqg2Av5
66,,Oojd410rxz
67,67,bSZa17FK2l
67,62,A3mMrNEFsy
67,71,ize3lkeNiR
67,75,fk7USWbA60
67,98,Xo3aGKAsfE
67,98,q24FfeogSR
67,98,1aRjlUAYpO
67,98,WUMHFJy3AG
67,98,ujARr06uDs
67,98,RtDWbzvtoo
67,98,bCSKEQsp82
68,97,bSZa17FK2l
68,75,A3mMrNEFsy
68,86,ize3lkeNiR
68,93,fk7USWbA60
68,99,Xo3aGKAsfE
68,86,q24FfeogSR
68,30,1aRjlUAYpO
68,41,WUMHFJy3AG
68,91,ujARr06uDs
68,34,RtDWbzvtoo
68,68,bCSKEQsp82
69,89,bSZa17FK2l
69,68,A3mMrNEFsy
69,94,ize3lkeNiR
69,87,fk7USWbA60
69,67,Xo3aGKAsfE
69,87,q24FfeogSR
69,52,1aRjlUAYpO
69,45,WUMHFJy3AG
69,66,ujARr06uDs
69,46,RtDWbzvtoo
69,98,bCSKEQsp82
70,89,bSZa17FK2l
70,58,A3mMrNEFsy
70,86,ize3lkeNiR
70,63,fk7USWbA60
70,65,Xo3aGKAsfE
70,45,q24FfeogSR
70,79,1aRjlUAYpO
70,38,WUMHFJy3AG
70,88,ujARr06uDs
70,100,RtDWbzvtoo
70,55,bCSKEQsp82
71,94,bSZa17FK2l
71,56,A3mMrNEFsy
71,92,ize3lkeNiR
71,83,fk7USWbA60
71,85,Xo3aGKAsfE
71,40,q24FfeogSR
71,67,1aRjlUAYpO
71,93,WUMHFJy3AG
71,92,ujARr06uDs
71,60,RtDWbzvtoo
71,60,bCSKEQsp82
72,,bSZa17FK2l
72,,A3mMrNEFsy
72,,ize3lkeNiR
72,,fk7USWbA60
72,,Xo3aGKAsfE
72,,q24FfeogSR
72,,1aRjlUAYpO
72,,WUMHFJy3AG
72,,ujARr06uDs
72,,RtDWbzvtoo
72,,bCSKEQsp82
73,,bSZa17FK2l
73,,A3mMrNEFsy
73,,ize3lkeNiR
73,,fk7USWbA60
73,,Xo3aGKAsfE
73,,q24FfeogSR
73,,1aRjlUAYpO
73,,WUMHFJy3AG
73,,ujARr06uDs
73,,RtDWbzvtoo
73,,bCSKEQsp82
74,,bSZa17FK2l
74,,A3mMrNEFsy
74,,ize3lkeNiR
74,,fk7USWbA60
74,,Xo3aGKAsfE
74,,q24FfeogSR
74,,1aRjlUAYpO
74,,WUMHFJy3AG
74,,ujARr06uDs
74,,RtDWbzvtoo
74,,bCSKEQsp82